"","Df","Sum Sq","Mean Sq","F value","Pr(>F)"
"Habitat",2,1.45864261928884,0.72932130964442,2.02758836592853,0.147267853068078
"Residuals",34,12.2297626799385,0.359698902351133,NA,NA
