"","Df","Sum Sq","Mean Sq","F value","Pr(>F)"
"Habitat",2,0.0163473548369716,0.00817367741848581,8.59788708757165,0.00129053785356645
"Residuals",27,0.0256678516537076,0.000950661172359539,NA,NA
